type;name;gnd-id;gnd-url;bemerkungen;gnd-name;lobid-search-url;j-special;j-geburt;j-tod
persName;Julius Pianka, Ferdinand Gregorovius, Leopold Pianka und Gustav Gregorovius;;;;"Pianka, Julius; Gregorovius, Ferdinand; Pianka, Leopold; Gregorovius, Gustav";;1818–1892, 1821–1891, 1820–1870, 1810–1862 ;;
persName;Alfredo d’Andrade, Giovanni Scanzi, Francesco Semino, Maurizio Dufour, Lazzaro Negrotto Cambiaso;;;;"d'Andrade, Alfredo; Scanzi, Giovanni; Semino, Francesco; Dufour, Maurizio; Cambiaso Negrotto, Lazzaro";;1839–1915, 1840–1915,1832–1883, 1826–1897, 1823–1902;;
persName;Ignazio Ciampi, Quirino Leoni, Filippo Cagiati;;;;"Ciampi, Ignazio; Leoni, Quirino; Cagiati, Filippo";;1824–1880, 1828–1897, 1821–1896;;
persName;Karl Lindemann-Frommel, Raffaele Mariano;;;;"Lindemann-Frommel, Karl; Mariano, Raffaele";;1819–1891, 1840–1912;;
persName;Karl Lindemann-Frommel, Gabriella Erhardt;;;;"Lindemann-Frommel, Karl; Erhardt, Gabriella";;1819–1891, 1858–1920;;
persName;Theodor Ackermann;116006064;;;Ackermann, Theodor;;;1827;1911
persName;Adelheid Herzogin von Schleswig-Holstein-Sonderburg-Augustenburg;137649010;;;Adelheid Herzogin von Schleswig-Holstein-Sonderburg-Augustenburg;;;1835;1900
persName;Julia Fedorovna Abaza;;;;Abaza, Julia Fedorovna Abaza;http://lobid.org/gnd/search?q=Julia+Fedorovna+Abaza;;1830;1915
persName;John Emerich Edward Dalberg Acton;118646796;http://d-nb.info/gnd/118646796;;Acton, John Emerich Edward Dalberg;http://lobid.org/gnd/search?q=John+Emerich+Edward+Dalberg+Acton;;1834;1902
persName;Aleardo Aleardi;11864453X;http://d-nb.info/gnd/11864453X;;Aleardi, Aleardo;http://lobid.org/gnd/search?q=Aleardo+Aleardi;;1812;1878
persName;Clemens August Alertz;103106677;http://d-nb.info/gnd/103106677;;Alertz, Klemens August;http://lobid.org/gnd/search?q=Clemens+August+Alertz;;1800;1866
orgName;Accademia dei Quinti, Rom (Präsident);;;;Accademia dei Quinti, Rom;;;;
orgName;Allgemeine Zeitung (Redaktion);4141947-9;http://d-nb.info/gnd/4141947-9;;Allgemeine Zeitung;http://lobid.org/gnd/search?q=Allgemeine+Zeitung+(Redaktion);;;
persName;August Joseph Altenhöfer;116293748;;;Altenhöfer, August Joseph;http://lobid.org/gnd/search?q=August+Joseph+Altenhöfer;;1804;1876
persName;Friedrich Althaus;116010436 ;;;Althaus, Friedrich;http://lobid.org/gnd/search?q=Friedrich+Althaus;;1829;1897
persName;Michele Amari;116297034;http://d-nb.info/gnd/116297034;;Amari, Michele;http://lobid.org/gnd/search?q=Michele+Amari;;1806;1889
persName;Raffaele Ambrosi de Magistris;123436060;;;Ambrosi de Magistris, Raffaele;http://lobid.org/gnd/search?q=Raffaele+Ambrosi+de+Magistris;;1831;1900
persName;Jean-Jacques Ampère;100009670;;;Ampère, Jean-Jacques;http://lobid.org/gnd/search?q=Jean-Jacques+Ampère;;1800;1864
persName;Angelo Angelucci;123253667;http://d-nb.info/gnd/123253667;;Angelucci, Angelo;http://lobid.org/gnd/search?q=Angelo+Angelucci;;1816;1891
persName;Giacomo Antonelli;116016671;http://d-nb.info/gnd/116016671;;Antonelli, Giacomo;http://lobid.org/gnd/search?q=Giacomo+Antonelli;;1806;1876
persName;Giuseppe Antonelli;1050695542;;;Antonelli, Giuseppe;;;1793;1861
persName;Maria Freifrau von Aretin;;http://d-nb.info/gnd/116340037;;Aretin, Maria Freifrau von;http://lobid.org/gnd/search?q=Maria+Freifrau+von+Aretin;;1806;1891
persName;Timoleon Argyropoulos;;;;Argyropoulos, Timoleon;;;1847;1912
persName;Gisela Grimm;11907074X;http://d-nb.info/gnd/11907074X;;Grimm, Gisela;http://lobid.org/gnd/search?q=Gisela+Grimm;;1827;1889
persName;Berthold Auerbach;11865103X;http://d-nb.info/gnd/11865103X;;Auerbach, Berthold;http://lobid.org/gnd/search?q=Berthold+Auerbach;;1812;1882
persName;Francesco Azzurri;123838681;http://d-nb.info/gnd/123838681;;Azzurri, Francesco;http://lobid.org/gnd/search?q=Francesco+Azzurri;;1827;1901
persName;Luciano Banchi;116047844;;;Banchi, Luciano;;;1837;1887
persName;Francesca Di Maria Termine, Principessa di Baucina ;;;;Di Maria Termine, Francesca, Principessa di Baucina ;;;1848;1900
persName;Biagio Licata di Baucina;;;;di Baucina, Biagio Licata;;;1834;1893
persName;Francesco Bedoni;;;;Bedoni, Francesco;;;;
persName;Friederike von Belli de Pino;1121307280;;;Belli de Pino, Friederike von;;;1841;1929
persName;Julius Bergenroth;1036511049;;;Bergenroth, Julius;;;1817;1896
persName;Charles Berthoud;116149361;;;Berthoud, Charles;;;1813;1894
persName;Angelo Bertacchi;116148624;http://d-nb.info/gnd/116148624;;Bertacchi, Angelo;http://lobid.org/gnd/search?q=Angelo+Bertacchi;;1829;1888
persName;Moritz August Freiherr von Bethmann-Hollweg;118510339;;;Bethmann-Hollweg, Moritz August Freiherr von;;;1795;1877
persName;Anton Bettelheim;116155795;http://d-nb.info/gnd/116155795;;Bettelheim, Anton;http://lobid.org/gnd/search?q=Anton+Bettelheim;;1851;1930
persName;Guido Biagi;116161132;;;Biagi, Guido;;;1855;1925
persName;Friedrich Bienemann;116165545;;;Bienemann, Friedrich;;;1838;1903
persName;Vincenzo Bindi;11618373X;;;Bindi, Vincenzo;;;1852;1928
persName;Giovanni Bizio;1191842525;;;Bizio, Giovanni;http://lobid.org/gnd/search?q=Giovanni+Bizio;;1823;1891
orgName;Blätter für literarische Unterhaltung;4145798-5;http://d-nb.info/gnd/4145798-5;;Blätter für literarische Unterhaltung;http://lobid.org/gnd/search?q=Blätter+für+literarische+Unterhaltung;;;
persName;Karl Bleibtreu;118663909;;;Bleibtreu, Karl;;;1859;1928
persName;Emanuele Bollati di Saint-Pierre;116236221;;;Bollati di Saint-Pierre, Emanuele ;;;1822;1903
persName;Giovanni Battista Bolza;130112968;;;Bolza, Giovanni Battista;http://lobid.org/gnd/search?q=Giovanni+Battista+Bolza;;1801;1869
persName;Jean Henry Bon;;;;Bon, Jean Henry;http://lobid.org/gnd/search?q=Jean+Henry+Bon;;;
persName;Suzanne Henriette Bon;;;;Bon, Suzanne Henriette;http://lobid.org/gnd/search?q=Suzanne+Henriette+Bon;;;
persName;Ruggiero Bonghi;119427060;;;Bonghi, Ruggiero ;;;1826;1895
persName;Marie Boretius;;;;Boretius, Marie;;;1833;1905
persName;Georg Boretius;;http://d-nb.info/gnd/116252596;;Boretius, Georg;http://lobid.org/gnd/search?q=Georg+Boretius;;1813;1875
persName;Charlotte Boretius;;1854-1929, Sopranistin;;Boretius, Charlotte;http://lobid.org/gnd/search?q=Charlotte+Boretius;;1854;1929
persName;Clara Bornträger;1287275389;;;Bornträger, Clara;http://lobid.org/gnd/search?q=Clara+Bornträger;;1801;1887
persName;Ludwig Bornträger;143199706;;;Bornträger, Ludwig;http://lobid.org/gnd/search?q=Ludwig+Bornträger;;1828;1852
persName;Jean Bourdeau;10173770X;;;Bourdeau, Jean;;;1848;1928
persName;Gustav Brandes;116400706;;;Brandes, Gustav;;;1821;1880
persName;Otto Braun;116422211;;;Braun, Otto;;;1824;1900
persName;Eduard Brockhaus;116552115;;;Brockhaus, Eduard;http://lobid.org/gnd/search?q=Eduard+Brockhaus;;1829;1914
persName;Heinrich Brockhaus;116552433;;;Brockhaus, Heinrich;http://lobid.org/gnd/search?q=Heinrich+Brockhaus;;1804;1874
persName;Rudolf Brockhaus;116552891;;;Brockhaus, Rudolf;http://lobid.org/gnd/search?q=Rudolf+Brockhaus;;1838;1898
persName;Friedrich Bruckmann;116726245;;;Bruckmann, Friedrich;;;1814;1898
persName;Hedwig Gräfin von Brühl;1148470980;http://d-nb.info/gnd/1148470980;;Brühl, Hedwig Gräfin von;http://lobid.org/gnd/search?q=Hedwig+Gräfin+von+Brühl;;1805;1890
persName;Heinrich Brunn (?);116777273;;;Brunn, Heinrich (?);;;1822;1894
persName;James Bryce;118746170;;;Bryce, James;http://lobid.org/gnd/search?q=James+Bryce;;1838;1922
persName;Christian Karl Josias Freiherr von Bunsen;118668005;http://d-nb.info/gnd/118668005;;Bunsen, Christian Karl Josias Freiherr von;http://lobid.org/gnd/search?q=Christian+Karl+Josias+Freiherr+von+Bunsen;;1791;1860
persName;Andrea Busiri Vici;135872553;http://d-nb.info/gnd/135872553;;Busiri Vici, Andrea;http://lobid.org/gnd/search?q=Andrea+Busiri+Vici;;1818;1911
persName;Contessa Ada Caetani;;;;Caetani, Ada, duchessa di Sermoneta, principessa di Teano;http://lobid.org/gnd/search?q=Contessa+Ada+Caetani;;1846;1934
persName;Duchessa Enrichetta Caetani;130600989;http://d-nb.info/gnd/130600989;;Caetani, Enrichetta, duchessa di Sermoneta (ab 1882), principessa di Teano (ab 1882);http://lobid.org/gnd/search?q=Duchessa+Enrichetta+Caetani;;1831;1906
persName;Conte Onorato Caetani;129901261;;;Caetani, Onorato, duca di Sermoneta (ab 1882), principe di Teano;http://lobid.org/gnd/search?q=Conte+Onorato+Caetani;;1842;1917
persName;Contessa Ersilia Caetani Lovatelli;11640065X;http://d-nb.info/gnd/11640065X;;Caetani Lovatelli, Ersilia, Contessa;http://lobid.org/gnd/search?q=Contessa+Ersilia+Caetani+Lovatelli;;1840;1925
persName;Conte Michelangelo Caetani, duca di Sermoneta;116400617;http://d-nb.info/gnd/116400617;;Caetani, Michelangelo, duca di Sermoneta, principe di Teano;http://lobid.org/gnd/search?q=Conte+Michelangelo+Caetani,+duca+di+Sermoneta;;1804;1882
persName;Filippo Cagiati;129356298;http://d-nb.info/gnd/129356298;;Cagiati, Filippo;http://lobid.org/gnd/search?q=Filippo+Cagiati;;1821;1896
persName;Giovanni Battista Camozzi Vertova;1251986803;;;Camozzi Vertova, Giovanni Battista;http://lobid.org/gnd/search?q=Giovanni+Battista+Camozzi+Vertova;;1818;1906
persName;Giosuè Carducci;118668366;http://d-nb.info/gnd/118668366;;Carducci, Giosuè;http://lobid.org/gnd/search?q=Giosuè+Carducci;;1835;1907
persName;Piero Carboni;;;;Carboni, Piero;;;1857;1902
persName;Carl Alexander Großherzog von Sachsen-Weimar-Eisenach;119418134;http://d-nb.info/gnd/119418134;;Carl Alexander Großherzog von Sachsen-Weimar-Eisenach;http://lobid.org/gnd/search?q=Carl+Alexander+Großherzog+von+Sachsen-Weimar-Eisenach;;1818;1901
persName;Francesco Casotti;;;;Casotti, Francesco;;;1817;1899
persName;Michelangelo Castelli;101901518;;;Castelli, Michelangelo;;;1808;1875
persName;Enrico Casti;;;;Casti, Enrico;;;1831;1901
persName;Filippo Castiglioni;116472405;;;Castiglioni, Filippo;http://lobid.org/gnd/search?q=Filippo+Castiglioni;;;
persName;Wilhelm von Christ;116507748;;;Christ, Wilhelm von;http://lobid.org/gnd/search?q=Wilhelm+von+Christ;;1831;1906
persName;Emma Christensen;116508833;;;Christensen, Emma;http://lobid.org/gnd/search?q=Emma+Christensen;;;
persName;Ignazio Ciampi;11651714X;;;Ciampi, Ignazio;;;1824;1880
persName;Pierre-Marie-Anatole Chabouillet;116481064;;;Chabouillet, Pierre-Marie-Anatole;;;1814;1899
persName;Luigi Napoleone Cittadella;1146072678;;;Cittadella, Luigi Napoleone;;;1806;1877
persName;Lilian Clarke;;;;Clarke, Lilian;http://lobid.org/gnd/search?q=Lilian+Clarke;;1842;1921
persName;Friedrich Claudius;;;;Claudius, Friedrich;http://lobid.org/gnd/search?q=Friedrich+Claudius;;1824;1899
persName;Arminio Cohn;;;;Cohn, Arminio;;;1811;1891
orgName;Commissione conservatrice dei monumenti storici e di belle arti di terra d’Otranto;;;;Commissione conservatrice dei monumenti storici e di belle arti di terra d’Otranto;;;;
orgName;Reale Accademia delle Scienze di Torino (Präsidium);;;;Reale Accademia delle Scienze di Torino;;;;
persName;Georg Conrad;129692352;;;Conrad, Georg;;;1860;1934
persName;Thomas Constable;107546188X;;;Constable, Thomas;;;1812;1881
persName;Carl Adolf Cornelius;116680105;;;Cornelius, Carl Adolf;;;1819;1903
orgName;Corps Masovia;4645433-0;http://d-nb.info/gnd/4645433-0;;Corps Masovia;http://lobid.org/gnd/search?q=Corps+Masovia;;;
persName;Carl Freiherr Cotta von Cottendorf;129692336;http://d-nb.info/gnd/129692336;;Cotta von Cottendorf, Carl Freiherr;http://lobid.org/gnd/search?q=Carl+Freiherr+Cotta+von+Cottendorf;;1835;1888
persName;Johann Georg Freiherr Cotta von Cottendorf;11879972X;http://d-nb.info/gnd/11879972X;;Cotta von Cottendorf, Johann Georg Freiherr;http://lobid.org/gnd/search?q=Johann+Georg+Freiherr+Cotta+von+Cottendorf;;1796;1863
persName;Stefano Davari;116034769;;;Davari, Stefano;;;1836;1909
persName;Robert Davidsohn;116038179;http://d-nb.info/gnd/116038179;;Davidsohn, Robert;http://lobid.org/gnd/search?q=Robert+Davidsohn;;1853;1937
persName;Ludwig Bogumil Dawison;;;;Dawison, Ludwig Bogumil;;;um 1852;1925
persName;Giacomo Da Fieno;;;;Da Fieno, Giacomo;;;;
persName;Pietro de Donato Giannini;;;;de Donato Giannini, Pietro;http://lobid.org/gnd/search?q=Pietro+de+Donato+Giannini;;1843;1912
persName;Angelo De Gubernatis;119454270;http://d-nb.info/gnd/119454270;;De Gubernatis, Angelo;http://lobid.org/gnd/search?q=Angelo+De+Gubernatis;;1840;1913
persName;Giovanni Battista De Rossi;119120852;http://d-nb.info/gnd/119120852;;De Rossi, Giovanni Battista;http://lobid.org/gnd/search?q=Giovanni+Battista+De+Rossi;;1822;1894
persName;Luigi Giuseppe De Simone;128349069;http://d-nb.info/gnd/128349069;;De Simone, Luigi Giuseppe;http://lobid.org/gnd/search?q=Luigi+Giuseppe+De+Simone;;1835;1902
persName;Christine Thaler (del Negro);116064633;http://d-nb.info/gnd/116064633;;Thaler (del Negro), Christine;http://lobid.org/gnd/search?q=Christine+Thaler+(del+Negro);;1853;1936
persName;Contessa Maria Teresa Serego Alighieri Gozzadini;1154629392;;;Serego Alighieri Gozzadini, Maria Teresa, Contessa;http://lobid.org/gnd/search?q=Contessa+Maria+Teresa+Serego+Alighieri+Gozzadini;;1812;1881
persName;Ignaz Ritter von Döllinger;118526243;http://d-nb.info/gnd/118526243;;Döllinger, Ignaz Ritter von;http://lobid.org/gnd/search?q=Ignaz+Ritter+von+Döllinger;;1799;1890
persName;Therese Draeseke;116194278;http://d-nb.info/gnd/116194278;;Draeseke, Therese;http://lobid.org/gnd/search?q=Therese+Draeseke;;1820;1893
persName;Wilhelm Drumann;100113842;http://d-nb.info/gnd/100113842;;Drumann, Wilhelm;http://lobid.org/gnd/search?q=Wilhelm+Drumann;;1786;1861
persName;Ernst Dümmler;116238909;http://d-nb.info/gnd/116238909;;Dümmler, Ernst;http://lobid.org/gnd/search?q=Ernst+Dümmler;;1830;1902
persName;Karl Egon Ebert;100116450;;;Ebert, Karl Egon;;;1801;1882
persName;Johann Peter Eckermann;118528777 ;;;Eckermann, Johann Peter;http://lobid.org/gnd/search?q=Johann+Peter+Eckermann;;1792;1854
persName;Friedrich Eggers;119022486;http://d-nb.info/gnd/119022486;;Eggers, Friedrich;http://lobid.org/gnd/search?q=Friedrich+Eggers;;1819;1872
persName;Luise von Eisenhart;11852965X;;;Eisenhart, Luise von;;;1828;1901
persName;Hermann Elgnowski;129692379;http://d-nb.info/gnd/129692379;;Elgnowski, Hermann;http://lobid.org/gnd/search?q=Hermann+Elgnowski;;1860;1936
persName;Ottilie Elgnowski;116447591;http://d-nb.info/gnd/116447591;;Elgnowski, Ottilie;http://lobid.org/gnd/search?q=Ottilie+Elgnowski;;1834;1907
persName;Ottilie Gregorovius;116447591;;;Gregorovius, Ottilie;;;1834;1907
persName;Paolo Emiliani Giudici;119357151;http://d-nb.info/gnd/119357151;;Emiliani Giudici, Paolo;http://lobid.org/gnd/search?q=Paolo+Emiliani+Giudici;;1812;1872
persName;Gabriella Erhardt;;;;Erhardt, Gabriella;http://lobid.org/gnd/search?q=Gabriella+Erhardt;;1858;1920
persName;Sophie Erhardt;;;;Erhardt, Sophie;http://lobid.org/gnd/search?q=Sophie+Erhardt;;1826;1914
persName;Wolfgang Erhardt;116537167;;;Erhardt, Wolfgang;http://lobid.org/gnd/search?q=Wolfgang+Erhardt;;1819;1906
persName;Giovanni Eroli;124363547;http://d-nb.info/gnd/124363547;;Eroli, Giovanni;http://lobid.org/gnd/search?q=Giovanni+Eroli;;1813;1904
orgName;Kaiser-Joseph-Festcomité der deutschen Studenten in Wien;;;;Kaiser-Joseph-Festcomité der deutschen Studenten in Wien;;;;
orgName;F. A. Brockhaus Verlag;65191-6;;;F. A. Brockhaus Verlag;http://lobid.org/gnd/search?q=F.+A.+Brockhaus+Verlag;;;
persName;F. A. Brockhaus Verlag (Druckerei);;;;F. A. Brockhaus Verlag (Druckerei);;;;
persName;Adalbert Falk;118683020;;;Falk, Adalbert;;;1827;1900
persName;Ferdinand Falkson;116396687;http://d-nb.info/gnd/116396687;;Falkson, Ferdinand;http://lobid.org/gnd/search?q=Ferdinand+Falkson;;1820;1900
persName;Carl Eduard Faltin;;;;Faltin, Carl Eduard;;;1823;1889
persName;Klara Faltin;130057436;http://d-nb.info/gnd/130057436;;Faltin, Klara;http://lobid.org/gnd/search?q=Klara+Faltin;;1834;1914
persName;Margarete Faltin;;;;Faltin, Margarete;http://lobid.org/gnd/search?q=Margarete+Faltin;;1865;1929
persName;Louise von Schleswig-Holstein-Sonderburg-Augustenburg;10144088X;;;Feodora von Schleswig-Holstein-Sonderburg-Augustenburg;;;1866;1952
persName;Ernst Francke;116697407;;;Francke, Ernst;;;1852;1921
persName;Luigi Frati;142432334;;;Frati, Luigi;;;1815;1902
persName;Emilia Viola Ferretti;172068592;http://d-nb.info/gnd/172068592;;Ferretti Viola, Emilia;http://lobid.org/gnd/search?q=Emilia+Viola+Ferretti;;1844;1929
persName;Luigi Crisostomo Ferrucci;116472987;;;Ferrucci, Luigi Crisostomo ;;;1797;1877
persName;Kuno Fischer;118533401;http://d-nb.info/gnd/118533401;;Fischer, Kuno;http://lobid.org/gnd/search?q=Kuno+Fischer;;1824;1907
persName;Cesare Foucard;1150730633;http://d-nb.info/gnd/1150730633;;Foucard, Cesare;http://lobid.org/gnd/search?q=Cesare+Foucard;;1825;1892
persName;Edward Augustus Freeman;117536784;http://d-nb.info/gnd/117536784;;Freeman, Edward Augustus;http://lobid.org/gnd/search?q=Edward+Augustus+Freeman;;1823;1892
persName;Ferdinand Freiligrath;118535196;http://d-nb.info/gnd/118535196;;Freiligrath, Ferdinand;http://lobid.org/gnd/search?q=Ferdinand+Freiligrath;;1810;1876
persName;Karl Frenzel;119139812;;;Frenzel, Karl;http://lobid.org/gnd/search?q=Karl+Frenzel;;1827;1914
persName;Julius Friedländer;116797266;;;Friedländer, Julius;http://lobid.org/gnd/search?q=Julius+Friedländer;;1813;1884
persName;Ludwig Friedländer;118693433;;;Friedländer, Ludwig;http://lobid.org/gnd/search?q=Ludwig+Friedländer;;1824;1909
persName;Luigi Fumi;123802431;http://d-nb.info/gnd/123802431;;Fumi, Luigi;http://lobid.org/gnd/search?q=Luigi+Fumi;;1849;1934
persName;Helene Freifrau von Gablenz;1162917407;;;Gablenz, Helene Freifrau von;;;1837;1899
persName;Tommaso Gar;118900897;http://d-nb.info/gnd/118900897;;Gar, Tommaso;http://lobid.org/gnd/search?q=Tommaso+Gar;;1808;1871
persName;Karl von Gebler;116475846;http://d-nb.info/gnd/116475846;;Gebler, Karl von;http://lobid.org/gnd/search?q=Karl+von+Gebler;;1850;1878
persName;Karl Geigy-Hagenbach;11649591X;;;Geigy-Hagenbach, Karl;http://lobid.org/gnd/search?q=Karl+Geigy-Hagenbach;;1866;1949
persName;Wilhelm Ludwig Pleikart Freiherr von Gemmingen;136109934;;;Gemmingen, Wilhelm Ludwig Pleikart Freiherr von;;;1823;1903
persName;Alexander Herzen;118639218;;;Gercen, Aleksandr I.;http://lobid.org/gnd/search?q=Alexander+Herzen;;1812;1870
persName;Georg Gottfried Gervinus;118538918;http://d-nb.info/gnd/118538918;;Gervinus, Georg Gottfried;http://lobid.org/gnd/search?q=Georg+Gottfried+Gervinus;;1805;1871
persName;Victorie Gervinus;116595280;http://d-nb.info/gnd/116595280;;Gervinus, Victorie;http://lobid.org/gnd/search?q=Victorie+Gervinus;;1820;1893
persName;Conte Cesare Federico Gianotti;;;;Gianotti, Cesare Federico, Conte;;;1834;1913
persName;Wilhelm Goldbaum;116747722;;;Goldbaum, Wilhelm;http://lobid.org/gnd/search?q=Wilhelm+Goldbaum;;1843;1912
persName;Rudolf von Gottschall;119449072;;;Gottschall, Rudolf von;http://lobid.org/gnd/search?q=Rudolf+von+Gottschall;;1823;1909
persName;Conte Giovanni Gozzadini;116798688;http://d-nb.info/gnd/116798688;;Gozzadini, Giovanni, Conte;http://lobid.org/gnd/search?q=Conte+Giovanni+Gozzadini;;1810;1887
persName;Emilie Auguste Gregorovius;129692433;http://d-nb.info/gnd/129692433;;Gregorovius, Emilie;http://lobid.org/gnd/search?q=Emilie+Auguste+Gregorovius;;1797;1866
persName;Ernst Gregorovius;;;;Gregorovius, Ernst;http://lobid.org/gnd/search?q=Ernst+Gregorovius;;1816;1889
persName;Ferdinand Gregorovius;118541951;http://d-nb.info/gnd/118541951;;Gregorovius, Ferdinand;http://lobid.org/gnd/search?q=Ferdinand+Gregorovius;;1821;1891
persName;Ferdinand Timotheus Gregorovius;129692565;;;Gregorovius, Ferdinand Timotheus;http://lobid.org/gnd/search?q=Ferdinand+Timotheus+Gregorovius;;1780;1848
persName;Gustav Gregorovius;129692581;http://d-nb.info/gnd/129692581;;Gregorovius, Gustav;http://lobid.org/gnd/search?q=Gustav+Gregorovius;;1810;1862
persName;Julius Gregorovius;116830050;http://d-nb.info/gnd/116830050;;Gregorovius, Julius;http://lobid.org/gnd/search?q=Julius+Gregorovius;;1819;1891
persName;Rudolf Gregorovius;;;;Gregorovius, Rudolf;http://lobid.org/gnd/search?q=Rudolf+Gregorovius;;1808;1866
persName;Julius von Griesinger;116835133;;;Griesinger, Julius von;;;1836;1899
persName;Rudolf Großhut;1139918397;;;Großhut, Rudolf;;;;1892
persName;Julius Grosse;;;;Grosse, Julius;;;1844;1901
persName;Cesare Guasti;119240351;http://d-nb.info/gnd/119240351;;Guasti, Cesare;http://lobid.org/gnd/search?q=Cesare+Guasti;;1822;1889
persName;Minna Gutsch;;;;Gutsch, Minna;;;;
persName;Karl Gutzkow;118543830;;;Gutzkow, Karl;http://lobid.org/gnd/search?q=Karl+Gutzkow;;1811;1878
persName;Pauline Freifrau von Habermann;;;;Habermann, Pauline Freifrau von;;;1820;1910
persName;Friedrich Wilhelm Ritter von Hackländer;118699962;;;Hackländer, Friedrich Wilhelm Ritter von;;;1816;1877
persName;Ludwig von Hagn;116385545;http://d-nb.info/gnd/116385545;;Hagn, Ludwig von;http://lobid.org/gnd/search?q=Ludwig+von+Hagn;;1819;1898
persName;Eduard von Hallberger;118545124;;;Hallberger, Eduard von;;;1822;1880
persName;Karl Halm;100158463;http://d-nb.info/gnd/100158463;;Halm, Karl;http://lobid.org/gnd/search?q=Karl+Halm;;1809;1882
persName;Marie Hansen-Taylor;101786883;http://d-nb.info/gnd/116460288;;Hansen-Taylor, Marie;http://lobid.org/gnd/search?q=Marie+Hansen-Taylor;;1829;1925
persName;Elisabeth Gräfin von Hardenberg;;;;Hardenberg, Elisabeth Gräfin von;;;1840;1919
persName;Emilie Harder;;;;Harder, Emilie;http://lobid.org/gnd/search?q=Emilie+Harder;;;
persName;Louis Harder;1269841343;;;Harder, Louis;http://lobid.org/gnd/search?q=Louis+Harder;;1821;1899 oder 1900
persName;Moritz Hartmann;118773348;;;Hartmann, Moritz;http://lobid.org/gnd/search?q=Moritz+Hartmann;;1821;1873
persName;Karl Hase;118927507;http://d-nb.info/gnd/118927507;;Hase, Karl;http://lobid.org/gnd/search?q=Karl+Hase;;1800;1890
persName;Marie Fürstin von Hatzfeldt-Trachenberg;1225524385;http://d-nb.info/gnd/116520442;;Hatzfeldt-Trachenberg, Marie Fürstin von ;http://lobid.org/gnd/search?q=Marie+Fürstin+von+Hatzfeldt-Trachenberg;;1820;1897
persName;Hermann Hauff;100576869;http://d-nb.info/gnd/100576869;;Hauff, Hermann;http://lobid.org/gnd/search?q=Hermann+Hauff;;1800;1865
persName;August von Haxthausen;118547305;http://d-nb.info/gnd/118547305;;Haxthausen, August von;http://lobid.org/gnd/search?q=August+von+Haxthausen;;1792;1866
persName;Therese von Haymerle;11655360X;http://d-nb.info/gnd/11655360X;;Haymerle, Therese von;http://lobid.org/gnd/search?q=Therese+von+Haymerle;;1843;1900
persName;A. Hehlonbach;;;;Hehlonbach, A.;;;;
persName;Heinrich Heidenheimer;116605006;;;Heidenheimer, Heinrich;;;1856;1941
persName;Karl Heinrich;;;;Heinrich, Karl;http://lobid.org/gnd/search?q=Karl+Heinrich;;1835;1908
persName;Nadine Helbig;11667928X;http://d-nb.info/gnd/11667928X;;Helbig, Nadine;http://lobid.org/gnd/search?q=Nadine+Helbig;;1847;1922
persName;Wolfgang Helbig;118710036;;;Helbig, Wolfgang;;;1839;1915
persName;Wilhelm Henzen;118710605;;;Henzen, Wilhelm;http://lobid.org/gnd/search?q=Wilhelm+Henzen;;1816;1887
persName;Wilhelm Heyd;116786396;http://d-nb.info/gnd/116786396;;Heyd, Wilhelm;http://lobid.org/gnd/search?q=Wilhelm+Heyd;;1823;1906
persName;Paul Heyse;118550772;http://d-nb.info/gnd/118550772;;Heyse, Paul;http://lobid.org/gnd/search?q=Paul+Heyse;;1830;1914
persName;Theodor Heyse;116796014;http://d-nb.info/gnd/116796014;;Heyse, Theodor;http://lobid.org/gnd/search?q=Theodor+Heyse;;1803;1884
persName;Pauline Hillmann;1175890944;;;Hillmann, Pauline;http://lobid.org/gnd/search?q=Pauline+Hillmann;;1822;1866
persName;Heinrich Hirsch;116904488;;;Hirsch, Heinrch;http://lobid.org/gnd/search?q=Heinrich+Hirsch;;1820;1886
persName;Ludwig von Hirschfeld;116913991;http://d-nb.info/gnd/116913991;;Hirschfeld, Ludwig von;http://lobid.org/gnd/search?q=Ludwig+von+Hirschfeld;;1842;1895
persName;Edmund Höfer;119289989;http://d-nb.info/gnd/119289989;;Hoefer, Edmund;http://lobid.org/gnd/search?q=Edmund+Höfer;;1819;1882
persName;Therese Höpfner;;;;Höpfner, Therese;;;;1894
persName;Gustav Hoffmann;;;;Hoffmann, Gustav;http://lobid.org/gnd/search?q=Gustav+Hoffmann;;;
persName;Ludwig von Hohenbühel-Heufler zu Rasen;116953462;http://d-nb.info/gnd/116953462;;Hohenbühel-Heufler zu Rasen, Ludwig von;http://lobid.org/gnd/search?q=Ludwig+von+Hohenbühel-Heufler+zu+Rasen;;1817;1885
persName;Gustav Adolf Kardinal Prinz zu Hohenlohe-Schillingsfürst;116955422;http://d-nb.info/gnd/116955422;;Hohenlohe-Schillingsfürst, Gustav Adolf Prinz zu;http://lobid.org/gnd/search?q=Gustav+Adolf+Kardinal+Prinz+zu+Hohenlohe-Schillingsfürst;;1823;1896
persName;Hedwig von Holstein;116968427;;;Holstein, Hedwig von;;;1822;1897
persName;Alexander Freiherr von Hübner;117045225;;;Hübner, Alexander Freiherr von ;;;1811;1892
persName;Alexander von Humboldt;118554700;http://d-nb.info/gnd/118554700;;Humboldt, Alexander von;http://lobid.org/gnd/search?q=Alexander+von+Humboldt;;1769;1859
persName;Mathilde von Humboldt;117061999;http://d-nb.info/gnd/117061999;;Humboldt, Mathilde von;http://lobid.org/gnd/search?q=Mathilde+von+Humboldt;;1830;1897
persName;Otto Hussell;117072346;http://d-nb.info/gnd/117072346;;Hussell, Otto;http://lobid.org/gnd/search?q=Otto+Hussell;;1833;1924
orgName;J. G. Cotta’sche Buchhandlung;5056474-2;http://d-nb.info/gnd/5056474-2;;J. G. Cotta’sche Buchhandlung;http://lobid.org/gnd/search?q=J.+G.+Cotta’sche+Buchhandlung;;;
orgName;J. G. Cotta’sche Buchhandlung Nachfolger;2036169-5;;;J. G. Cotta’sche Buchhandlung Nachfolger;;;;
persName;Wilhelm Jordan;118931873;;;Jordan, Wilhelm;http://lobid.org/gnd/search?q=Wilhelm+Jordan;;1819;1904
persName;Alexander Jung;117233447;;;Jung, Alexander;http://lobid.org/gnd/search?q=Alexander+Jung;;1799;1884
persName;Sebastiano Kalefati;;;;Kalefati, Sebastiano;http://lobid.org/gnd/search?q=Sebastiano+Kalefati;;1817;1863
persName;Hermann Kaulbach;11952239X;http://d-nb.info/gnd/11952239X;;Kaulbach, Hermann;http://lobid.org/gnd/search?q=Hermann+Kaulbach;;1846;1909
persName;Josephine von Kaulbach;116077395;http://d-nb.info/gnd/116077395;;Kaulbach, Josephine von;http://lobid.org/gnd/search?q=Josephine+von+Kaulbach;;1809;1896
persName;Josef von Kerschensteiner;116142421;;;Kerschensteiner, Josef von;;;1831;1896
persName;Charlotte Klumpp;;;;Klumpp, Charlotte;;;1825;1916
persName;Otto Ludwig von Klumpp;1012279367;;;Klumpp, Otto Ludwig von;;;1819;1902
persName;Rudolf Koch;1073219941;;;Koch, Rudolf;;;1844;1922
persName;Johanna Köhler;129692417;http://d-nb.info/gnd/129692417;;Köhler, Johanna;http://lobid.org/gnd/search?q=Johanna+Köhler;;1821;1886
persName;Louis Köhler;116285036;http://d-nb.info/gnd/116285036;;Köhler, Louis;http://lobid.org/gnd/search?q=Louis+Köhler;;1820;1886
persName;Gustav Kolb;116310790;http://d-nb.info/gnd/116310790;;Kolb, Gustav;http://lobid.org/gnd/search?q=Gustav+Kolb;;1798;1865
persName;August von Kreling;116518723;;;Kreling, August von;http://lobid.org/gnd/search?q=August+von+Kreling;;1819;1876
persName;Ernst Kreowski;116522321;http://d-nb.info/gnd/116522321;;Kreowski, Ernst;http://lobid.org/gnd/search?q=Ernst+Kreowski;;1859;1921
persName;Adolf Kröner;116548584;;;Kröner, Adolf;;;1836;1911
persName;Karl Krumbacher;118778102;http://d-nb.info/gnd/118778102;;Krumbacher, Karl;http://lobid.org/gnd/search?q=Karl+Krumbacher;;1856;1909
persName;Joseph Kürschner;118567780;http://d-nb.info/gnd/118567780;;Kürschner, Joseph;http://lobid.org/gnd/search?q=Joseph+Kürschner;;1853;1902
persName;Francesco Labruzzi;116638435;http://d-nb.info/gnd/116638435;;Labruzzi, Francesco;http://lobid.org/gnd/search?q=Francesco+Labruzzi;;;
persName;Spyridon Lambros;116669276;;;Lambos, Spyridon;;;1851;1919
persName;Johann Evangelist Lamprecht;124706061;;;Lamprecht, Johann Evonagelist;;;1816;1895
persName;Wilhelm Lang;11669470X;;;Lang, Wilhelm;http://lobid.org/gnd/search?q=Wilhelm+Lang;;1832;1915
persName;Heinrich Laube;118570080;http://d-nb.info/gnd/118570080;;Laube, Heinrich;http://lobid.org/gnd/search?q=Heinrich+Laube;;1806;1884
persName;Georg von Laubmann;102183201;http://d-nb.info/gnd/102183201;;Laubmann, Georg von;http://lobid.org/gnd/search?q=Georg+von+Laubmann;;1843;1909
persName;Karl Lehrs;116876573;http://d-nb.info/gnd/116876573;;Lehrs, Karl;http://lobid.org/gnd/search?q=Karl+Lehrs;;1802;1878
persName;Franz Lenbach;118571516;;;Lenbach, Franz;;;1836;1904
persName;Emilio Leone;;;;Leone, Emilio;http://lobid.org/gnd/search?q=Emilio+Leone;;;
persName;Quirino Leoni;159127971;;;Leoni, Quirino;;;1828;1897
persName;Giuseppe De Leva;116960078;http://d-nb.info/gnd/116960078;;De Leva, Giuseppe;http://lobid.org/gnd/search?q=Giuseppe+De+Leva;;1821;1895
persName;Paul Lindau;118780034;http://d-nb.info/gnd/118780034;;Lindau, Paul;http://lobid.org/gnd/search?q=Paul+Lindau;;1839;1919
persName;Julius Fröbel;118536303;;;Fröbel, Julius;;;1805;1893
persName;Auguste Lindemann-Frommel;117024465;;;Lindemann-Frommel, Auguste;;;1826;1876
persName;Karl Lindemann-Frommel;119511940;;;Lindemann-Frommel, Karl;http://lobid.org/gnd/search?q=Karl+Lindemann-Frommel;;1819;1891
persName;Manfred Lindemann-Frommel;129692425;http://d-nb.info/gnd/129692425;;Lindemann-Frommel, Manfred;http://lobid.org/gnd/search?q=Manfred+Lindemann-Frommel;;1852;1939
persName;Hermann Lingg;119002248;http://d-nb.info/gnd/119002248;;Lingg, Hermann;http://lobid.org/gnd/search?q=Hermann+Lingg;;1820;1905
persName;Rudolf Lipschitz;11881656X;;;Lipschitz, Rudolf;http://lobid.org/gnd/search?q=Rudolf+Lipschitz;;1832;1903
orgName;Literarisches Centralblatt für Deutschland;4313529-8;;;Literarisches Centralblatt für Deutschland;http://lobid.org/gnd/search?q=Literarisches+Centralblatt+für+Deutschland;;;
persName;Elisabeth Lockburg;117075868;;;Lockburg, Elisabeth;http://lobid.org/gnd/search?q=Elisabeth+Lockburg;;;
persName;Callista Lovatelli;117249653;;;Lovatelli, Callista;http://lobid.org/gnd/search?q=Callista+Lovatelli;;1860;
persName;Tammar Luxoro;129437212;;;Luxoro, Tammar;;;1825;1899
persName;Alfredo d’Andrade;120541734;;;d’Andrade, Alfredo;;;1839;1915
persName;Giovanni Scanzi;1052216994;;;Scanzi, Giovanni;;;1840;1915
persName;Francesco Semino;;;;Semino, Francesco;;;1832;1883
persName;Maurizio Dufour;1231391073;;;Dufour, Maurizio;;;1826;1897
persName;Lazzaro Negrotto Cambiaso;;;;Negrotto Cambiaso, Lazzaro;;;1823;1902
persName;Costantino Maes;1055090436;;;Maes, Costantino;;;1839;1910
persName;Heinrich Freiherr von Maltzan;118932160;;;Maltzan, Heinrich Freiherr von;;;1826;1874
persName;Terenzio Mamiani della Rovere;119520303;http://d-nb.info/gnd/119520303;;Mamiani della Rovere, Terenzio;http://lobid.org/gnd/search?q=Terenzio+Mamiani+della+Rovere;;1799;1885
persName;Margherita Königin von Savoyen;120736233 ;;;Margherita Königin von Savoyen;http://lobid.org/gnd/search?q=Margherita+Königin+von+Savoyen;;1851;1926
persName;Clemente Maraini;1061006174;;;Maraini,Clemente;;;1838;1905
persName;Berta Mariano;;;;Mariano, Berta;;;1881;
persName;Raffaele Mariano;116771992;http://d-nb.info/gnd/116771992;;Mariano, Raffaele;http://lobid.org/gnd/search?q=Raffaele+Mariano;;1840;1912
persName;Ferdinando Martini;119188244;;;Martini, Ferdinando;http://lobid.org/gnd/search?q=Ferdinando+Martini;;1848;1928
persName;Elisabeth Mayer (1) ?;;;;Mayer, Elisabeth (1) ?;http://lobid.org/gnd/search?q=Elisabeth+Mayer+(1)+?;;;1887
persName;Elisabeth Mayer (2);;;;Mayer, Elisabeth (2);;;1858;
persName;Malwida von Meysenbug;118582054;http://d-nb.info/gnd/118582054;;Meysenbug, Malwida von;http://lobid.org/gnd/search?q=Malwida+von+Meysenbug;;1816;1903
persName;Biagio Miraglia;143096192;;;Miraglia, Biagio;;;1823;1885
persName;Marie Milkau;;;;Milkau, Marie;http://lobid.org/gnd/search?q=Marie+Milkau;;;
persName;Laura Minghetti;1064770916;;;Minghetti, Laura;http://lobid.org/gnd/search?q=Laura+Minghetti;;1829;1915
persName;Marco Minghetti;118855638;http://d-nb.info/gnd/118855638;;Minghetti, Marco;http://lobid.org/gnd/search?q=Marco+Minghetti;;1818;1886
orgName;Morgenblatt für gebildete Leser;4345483-5;http://d-nb.info/gnd/4345483-5;;Morgenblatt für gebildete Leser;http://lobid.org/gnd/search?q=Morgenblatt+für+gebildete+Leser;;;
persName;Heinrich von Mühler;117162965;;;Mühler, Heinrich von;;;1813;1874
persName;Wolfgang Müller von Königswinter;118737627;;;Müller von Königswinter, Wolfgang;http://lobid.org/gnd/search?q=Wolfgang+Müller+von+Königswinter;;1816;1873
persName;Jules Mourier;15914213X;;;Mourier, Jules;;;1846;
persName;Willy von Mumm;117181277;http://d-nb.info/gnd/117181277;;Mumm, Willy von;http://lobid.org/gnd/search?q=Willy+von+Mumm;;;
persName;Eugène Müntz;11717887X;;;Müntz, Eugène;;;1845;1902
persName;Sigmund Münz;117179027;;;Münz, Sigmund;http://lobid.org/gnd/search?q=Sigmund+Münz;;1859;1934
persName;Adolf Nast-Kolb;138674949;http://d-nb.info/gnd/138674949;;Nast-Kolb, Adolf;http://lobid.org/gnd/search?q=Adolf+Nast-Kolb;;1839;1921
persName;Julius Naue;116898712;http://d-nb.info/gnd/116898712;;Naue, Julius;http://lobid.org/gnd/search?q=Julius+Naue;;1833;1907
persName;Auguste Nefftzer ;1243600527;;;Nefftzer, Auguste ;;;1820;1876
persName;Augusto Nomis Di Cossilla;116686170;;;Nomis Di Cossilla, Augusto;;;1815;1881
persName;Caroline Notter;117067709;117067709;;Notter, Caroline;http://lobid.org/gnd/search?q=Caroline+Notter;;1821;1906
persName;Eugen Oberhummer;117076376;;;Oberhummer, Eugen;;;1859;1944
persName;Nicola d’Orgemont;;;;d’Orgemont, Nicola;;;1826;1896
persName;Aimé de Palézieux-Falconnet;116018445;;;Palézieux-Falconnet, Aimé de ;;;1843;1907
persName;Albrecht Pancritius;101682239;101682239;;Pancritius, Albrecht;http://lobid.org/gnd/search?q=Albrecht+Pancritius;;1818;1862
persName;Enrico de Paoli;;;;de Paoli, Enrico;;;1835;1907
persName;Gustav Parthey;104366508;http://d-nb.info/gnd/104366508;;Parthey, Gustav;http://lobid.org/gnd/search?q=Gustav+Parthey;;1798;1872
persName;Rosa Peetz;116072229;http://d-nb.info/gnd/116072229;;Peetz, Rosa;http://lobid.org/gnd/search?q=Rosa+Peetz;;1830;1910
persName;Francesco Paolo Perez;119279649;;;Perez, Francesco Paolo;;;1812;1892
persName;Paolo Perez;1025796071;;;Perez, Paolo;;;1822;1879
persName;Luigi Pianciani;119146673;;;Pianciani, Luigi;;;1810;1890
persName;Julius Pianka;12120944X;;;Pianka, Julius;;;1818;1892
persName;Leopold Pianka;;;;Pianka, Leopold ;;;1820;1870
persName;Bertha von Piloty;116185880;;;Piloty, Bertha von;;;1838;1918
persName;Carl Theodor von Piloty;118641662;http://d-nb.info/gnd/118641662;;Piloty, Karl von;http://lobid.org/gnd/search?q=Carl+Theodor+von+Piloty;;1826;1886
persName;Anton Graf Prokesch von Osten;118596713;http://d-nb.info/gnd/118596713;;Prokesch von Osten, Anton Graf;http://lobid.org/gnd/search?q=Anton+Graf+Prokesch+von+Osten;;1795;1876
persName;Francesco Protonotari;119428555;http://d-nb.info/gnd/119428555;;Protonotari, Francesco;http://lobid.org/gnd/search?q=Francesco+Protonotari;;1836;1888
persName;Adolf Prowe;128686375;;;Prowe, Adolf;;;1829;1915
persName;Hans Prutz;116305991;;;Prutz, Hans;;;1843;1929
persName;Robert Eduard Prutz;11859687X;http://d-nb.info/gnd/11859687X;;Prutz, Robert Eduard;http://lobid.org/gnd/search?q=Robert+Eduard+Prutz;;1816;1872
persName;Noémi Psichari-Renan;116333057;http://d-nb.info/gnd/116333057;;Psichari-Renan, Noémi;http://lobid.org/gnd/search?q=Noémi+Psichari-Renan;;1862;1943
persName;Franz (Ferenc) von Pulszky;11892575X;;;Pulszky, Franz (Ferenc) von;http://lobid.org/gnd/search?q=Franz+(Ferenc)+von+Pulszky;;1814;1897
persName;Ludwig Quidde;11874318X;http://d-nb.info/gnd/11874318X;;Quidde, Ludwig;http://lobid.org/gnd/search?q=Ludwig+Quidde;;1858;1941
persName;Marie Rehsener;12304832X;;;Rehsener, Marie;;;1839;1917
persName;Herman Riegel;116538201;;;Riegel, Herman;;;1834;1900
persName;Wilhelm Heinrich Riehl;118600850;;;Riehl, Wilhelm Heinrich;;;1823;1897
persName;Konrad Reichard;116397403;;;Reichard, Konrad;;;1841;1884
persName;Albert Freiherr von Reischach;116429178;;;Reischach, Albert Freiherr von;http://lobid.org/gnd/search?q=Albert+Freiherr+von+Reischach;;1826;1876
persName;Bertha Reißert;;;;Reißert, Bertha;http://lobid.org/gnd/search?q=Bertha+Reißert;;1823;1900
persName;Irene Freifrau von Reyer;1050532007;;;Reyer, Irene Freifrau von;;;1841;1898
persName;Franz Thaddäus Freiherr von Reyer;139113142;;;Reyer, Franz Thaddäus Freiherr von;;;1824;1909
persName;Ernest Renan;118744496;http://d-nb.info/gnd/118744496;;Renan, Ernest;http://lobid.org/gnd/search?q=Ernest+Renan;;1823;1892
persName;Hermann Reuchlin;116450606;http://d-nb.info/gnd/116450606;;Reuchlin, Hermann;http://lobid.org/gnd/search?q=Hermann+Reuchlin;;1810;1873
persName;Alfred von Reumont;116450932;;;Reumont, Alfred von;http://lobid.org/gnd/search?q=Alfred+von+Reumont;;1808;1887
persName;Otto Richter;117532282;;;Richter, Otto;;;1843;1918
persName;Ercole Ricotti;116531347;;;Ricotti, Ercole;;;1816;1883
persName;Adelaide Ristori;118836420;;;Ristori, Adelaide;;;1822;1906
persName;Christiane Riefstahl;;;;Riefstahl, Christiane;;;;
persName;Julius Rodenberg;118601709;http://d-nb.info/gnd/118601709;;Rodenberg, Julius;http://lobid.org/gnd/search?q=Julius+Rodenberg;;1831;1914
persName;Ettore Roesler-Franz;119249286;http://d-nb.info/gnd/119249286;;Roesler Franz, Ettore;http://lobid.org/gnd/search?q=Ettore+Roesler-Franz;;1852;1907
persName;Otto Roquette;119034883;http://d-nb.info/gnd/119034883;;Roquette, Otto;http://lobid.org/gnd/search?q=Otto+Roquette;;1824;1896
persName;Karl Rosenkranz;118602721;;;Rosenkranz, Karl;http://lobid.org/gnd/search?q=Karl+Rosenkranz;;1805;1879
persName;Emma Ross;;;;Ross, Emma;http://lobid.org/gnd/search?q=Emma+Ross;;1823;1919
persName;Louis Roth;1073430782;;;Roth, Louis;http://lobid.org/gnd/search?q=Louis+Roth;;1802;1875
persName;Augusto Ruspoli;;;;Ruspoli, Augusto;;;1817;1882
persName;Marie Rückert;116673818;http://d-nb.info/gnd/116673818;;Rückert, Marie;http://lobid.org/gnd/search?q=Marie+Rückert;;1835;1920
persName;Franz Rühl;116675586;http://d-nb.info/gnd/116675586;;Rühl, Franz;http://lobid.org/gnd/search?q=Franz+Rühl;;1845;1915
persName;Odo William Leopold Russell;119164639;;;Russell, Odo William Leopold;http://lobid.org/gnd/search?q=Odo+William+Leopold+Russell;;1829;1884
persName;Caroline Ungher-Sabatier;11729392X;;;Ungher-Sabatier, Caroline;;;1803;1877
persName;François Sabatier;116713356;;;Sabatier, François;http://lobid.org/gnd/search?q=François+Sabatier;;1818;1891
orgName;Sandoz & Fischbacher;1072983206;http://d-nb.info/gnd/1072983206;;Sandoz & Fischbacher;http://lobid.org/gnd/search?q=Sandoz+&+Fischbacher;;;
persName;Adolf Friedrich Graf von Schack;118606042;http://d-nb.info/gnd/118606042;;Schack, Adolf Friedrich von;http://lobid.org/gnd/search?q=Adolf+Friedrich+Graf+von+Schack;;1815;1894
persName;Joseph Victor von Scheffel;118606832;;;Scheffel, Joseph Victor von;;;1826;1886
persName;Georg Scherer;11721888X;;;Scherer, Georg;http://lobid.org/gnd/search?q=Georg+Scherer;;1828;1909
persName;Karl Ritter von Scherzer;117222364;http://d-nb.info/gnd/117222364;;Scherzer, Karl Ritter von;http://lobid.org/gnd/search?q=Karl+Ritter+von+Scherzer;;1821;1903
persName;Heinrich Schliemann;118608215;http://d-nb.info/gnd/118608215;;Schliemann, Heinrich;http://lobid.org/gnd/search?q=Heinrich+Schliemann;;1822;1890
persName;Sophie Schliemann;118759418;http://d-nb.info/gnd/118759418;;Schliemann, Sophie;http://lobid.org/gnd/search?q=Sophie+Schliemann;;1852;1932
persName;Kurd von Schlözer;118795147;http://d-nb.info/gnd/118795147;;Schlözer, Kurd von;http://lobid.org/gnd/search?q=Kurd+von+Schlözer;;1822;1894
persName;Maximilian Schmidt genannt Waldschmidt;118608886;;;Schmidt genannt Waldschmidt, Maximilian;http://lobid.org/gnd/search?q=Maximilian+Schmidt+genannt+Waldschmidt;;1832;1919
persName;Emil Schönaich-Carolath;118795317;http://d-nb.info/gnd/118795317;;Schönaich-Carolath, Emil von;http://lobid.org/gnd/search?q=Emil+Schönaich-Carolath;;1852;1908
persName;Adelheid von Schorn;116919566;http://d-nb.info/gnd/116919566;;Schorn, Adelheid von;http://lobid.org/gnd/search?q=Adelheid+von+Schorn;;1841;1916
persName;Friedrich Wilhelm Schubert;115795588;;;Schubert, Friedrich Wilhelm;;;1799;1868
persName;Levin Schücking;118762109;http://d-nb.info/gnd/118762109;;Schücking, Levin;http://lobid.org/gnd/search?q=Levin+Schücking;;1814;1883
persName;Georg Schweinfurth;118760041;;;Schweinfurth, Georg;http://lobid.org/gnd/search?q=Georg+Schweinfurth;;1836;1925
persName;Götz Burkhard Graf von Seckendorff;117462802;http://d-nb.info/gnd/117462802;;Seckendorff, Goetz Burkhard von;http://lobid.org/gnd/search?q=Götz+Burkhard+Graf+von+Seckendorff;;1842;1910
persName;Elisabeth Seeburg;117442895;http://d-nb.info/gnd/117442895;;Seeburg, Elisabeth;http://lobid.org/gnd/search?q=Elisabeth+Seeburg;;1817;1888
persName;Leopoldo Serra;;;;Serra, Leopoldo;;;1829;1912
persName;Quintino Sella;118877801;;;Sella, Quintino;;;1827;1884
persName;Giovanni Sforza;117460508;;;Sforza, Giovanni;;;1846;1922
persName;David Silvagni;;;;Silvagni, David;;;1831;1897
persName;Isidor Singer;151309280;;;Singer, Isidor;http://lobid.org/gnd/search?q=Isidor+Singer;;1857;1927
persName;Rudolf Ferdinand Leopold Skrzeczka;101773641;;;Skrzeczka, Rudolf Ferdinand Leopold ;;;1808;1874
persName;Natalie Skrzeczka;;;;Skrzeczka, Natalie;http://lobid.org/gnd/search?q=Natalie+Skrzeczka;;;
persName;Familie Skrzeczka;;;;Skrzeczka, Familie;;;;
persName;Frau Skrzeczka;;;;Skrzeczka, Frau;;;;
persName;Damaskēnos Spēliōtopulos;117491101;http://d-nb.info/gnd/117491101;;Spēliōtopulos, Damaskēnos;http://lobid.org/gnd/search?q=Damaskēnos+Spēliōtopulos;;;
orgName;Stadt Rom;4050471-2;;;Stadt Rom;http://lobid.org/gnd/search?q=Stadt+Rom;;;
persName;Josef Spithöver;119553538;;;Spithöver, Joseph;;;1813;1892
persName;Salomon Ludwig Steinheim;118753290;;;Steinheim, Salomon Ludwig;;;1789;1866
persName;Johanna Steinheim;119372185;;;Steinheim, Johanna ;;;1792;1882
persName;Henry Stevenson;121591255;;;Stevenson, Henry;;;1854;1898
persName;Gustavo Strafforello;172641365;;;Strafforello, Gustavo ;;;1820;1903
persName;Ludwig Stieda;117244791;;;Stieda, Ludwig;;;1837;1918
persName;Karl Stieler;118618113;;;Stieler, Karl;http://lobid.org/gnd/search?q=Karl+Stieler;;1842;1885
persName;Max Leberecht Strack;117305383;;;Stack, Max Leberecht;;;1816;1883
persName;Hermann Sucro;117365963;http://d-nb.info/gnd/117365963;;Sucro, Hermann;http://lobid.org/gnd/search?q=Hermann+Sucro;;;
persName;Anna Freifrau von der Tann;117200336;;;Tann, Anna Freifrau von der;;;1829;1905
persName;Luigi Alfonso Tardini;;;;Tardini, Luigi Alfonso;;;;
persName;Adolf Graf von Taube;117233412;;;Taube, Adolf Graf von;;;1810;1889
persName;Bayard Taylor;118756311;http://d-nb.info/gnd/118756311;;Taylor, Bayard;http://lobid.org/gnd/search?q=Bayard+Taylor;;1825;1878
persName;Cäcilie Tellenbach;;;;Tellenbach, Cäcilie;;;1818;1888
persName;Louisa Cutler Terry;;;;Terry, Luisa Cutler;;;1823;1897
persName;Hermann von Thile;117340995;http://d-nb.info/gnd/117340995;;Thile, Hermann von;http://lobid.org/gnd/search?q=Hermann+von+Thile;;1812;1889
persName;Ottilie von Thile;117341053;http://d-nb.info/gnd/117341053;;Thile, Ottilie von;http://lobid.org/gnd/search?q=Ottilie+von+Thile;;1816;1898
persName;Friederike Thon;;;;Thon, Friederike;;;;
persName;Niccolò Tommaseo;118802518;;;Tommaseo, Niccolò;;;1802;1874
persName;Oreste Tommasini;117405078;http://d-nb.info/gnd/117405078;;Tommasini, Oreste;http://lobid.org/gnd/search?q=Oreste+Tommasini;;1844;1919
persName;Domenico Tordi;119098768;;;Tordi, Domenico;;;1857;1933
persName;Vincenzo Fardella Marchese di Torrearsa;11556165X;;;Fardella, Vincenzo, Marchese di Torrearsa;;;1808;1889
persName;Luigi Tosti;118974955;http://d-nb.info/gnd/118974955;;Tosti, Luigi;http://lobid.org/gnd/search?q=Luigi+Tosti;;1811;1897
persName;Cesare Trevisani;11741705X;http://d-nb.info/gnd/11741705X;;Trevisani, Cesare;http://lobid.org/gnd/search?q=Cesare+Trevisani;;1819;1917
persName;Theodor von Troschke;117423394;http://d-nb.info/gnd/117423394;;Troschke, Theodor von;http://lobid.org/gnd/search?q=Theodor+von+Troschke;;1810;1876
persName;Gustav Tyson-Wolff;129470740;http://d-nb.info/gnd/129470740;;Tyson-Wolff, Gustav;http://lobid.org/gnd/search?q=Gustav+Tyson-Wolff;;1840;1907
persName;Joseph Unger;118763725;;;Unger, Joseph;http://lobid.org/gnd/search?q=Joseph+Unger;;1828;1913
persName;Clara von Urlaub;117315133;http://d-nb.info/gnd/117315133;;Urlaub, Clara von;http://lobid.org/gnd/search?q=Clara+von+Urlaub;;1860;1925
persName;Georg von Urlaub;117315125;http://d-nb.info/gnd/117315125;;Urlaub, Georg von;http://lobid.org/gnd/search?q=Georg+von+Urlaub;;1844;1914
persName;Pietro Venturi;129356387;http://d-nb.info/gnd/129356387;;Venturi, Pietro;http://lobid.org/gnd/search?q=Pietro+Venturi;;1824;1892
orgName;Verlag Giuseppe Antonelli;;;;Tipografia Giuseppe Antonelli;;;;
persName;Salvatore Viale;117396850;http://d-nb.info/gnd/117396850;;Viale, Salvatore;http://lobid.org/gnd/search?q=Salvatore+Viale;;1787;1861
persName;Lionardo Vigo;117417661;http://d-nb.info/gnd/117417661;;Vigo, Lionardo;http://lobid.org/gnd/search?q=Lionardo+Vigo;;1799;1879
persName;Francesco Piccoli;116177381;;;Piccoli, Francesco;;;1835;1883
persName;Victoria Königin von Preußen;118626868;;;Victoria Königin von Preußen;http://lobid.org/gnd/search?q=Victoria+Königin+von+Preußen;;1840;1901
persName;Emanuele Pes di Villamarina;1027082963;;;Pes di Villamarina, Emanuele;;;1834;1891
persName;Pasquale Villari;118804596;http://d-nb.info/gnd/118804596;;Villari, Pasquale;http://lobid.org/gnd/search?q=Pasquale+Villari;;1827;1917
persName;Rudolf Virchow;118627198;http://d-nb.info/gnd/118627198;;Virchow, Rudolf;http://lobid.org/gnd/search?q=Rudolf+Virchow;;1821;1902
persName;Friedrich Theodor von Vischer;11862721X;;;Vischer, Friedrich Theodor von;http://lobid.org/gnd/search?q=Friedrich+Theodor+von+Vischer;;1807;1887
persName;Giovanni Visone;;;;Visone, Giovanni;;;1814;1893
persName;Maria von Völk;11744913X;http://d-nb.info/gnd/11744913X;;Völk, Maria von;http://lobid.org/gnd/search?q=Maria+von+Völk;;1841;1912
persName;Wilhelm von Völk;117449148;http://d-nb.info/gnd/117449148;;Völk, Wilhelm von;http://lobid.org/gnd/search?q=Wilhelm+von+Völk;;1819;1883
persName;Luise Gräfin von Voß;1148667253;;;Voß, Luise Gräfin von;;;1820;1902
persName;Richard Voß;117450944;;;Voß, Richard;;;1851;1918
persName;Friederike von Pfisterer;;;;Pfisterer, Friederike von;http://lobid.org/gnd/search?q=Friederike+von+Pfisterer;;1840;1925
persName;Viktoria Prinzessin von Preußen;118626868;;;Viktoria Prinzessin von Preußen;;;1840;1901
persName;Viktoria, deutsche Kaiserin und Königin von Preußen;118626868;;;Viktoria, deutsche Kaiserin und Königin von Preußen;;;1840;1901
persName;Moritz Wagner;117103527;;;Wagner, Moritz;;;1813;1887
persName;Marie Gräfin von Waldenburg;;;;Waldenburg, Marie Gräfin von;;;1843;1894
persName;Ludwig Walesrode;116653396;http://d-nb.info/gnd/116653396;;Walesrode, Ludwig;http://lobid.org/gnd/search?q=Ludwig+Walesrode;;1810;1889
persName;Johann Matthias Watterich;117151599;;;Watterich, Johann Matthias;http://lobid.org/gnd/search?q=Johann+Matthias+Watterich;;1826;1904
persName;Wilhelm Wattenbach;117151386;;;Wattenbach, Wilhelm;;;1819;1897
orgName;Weidmannsche Buchhandlung;814693-7;;;Weidmannsche Buchhandlung;http://lobid.org/gnd/search?q=Weidmannsche+Buchhandlung;;;
persName;August Weiss;;;;Weiss, August;;;1818;1903
persName;Karl Freiherr von Werther;117307017;;;Werther, Karl Freiherr von;http://lobid.org/gnd/search?q=Karl+Freiherr+von+Werther;;1809;1894
persName;Georg Graf von Werthern-Beichlingen;117307610;http://d-nb.info/gnd/117307610;;Werthern-Beichlingen, Georg Graf von;http://lobid.org/gnd/search?q=Georg+Graf+von+Werthern-Beichlingen;;1816;1895
persName;Elisabeth Freifrau von Werthern-Beichlingen;;;;Werthern-Beichlingen, Elisabeth Freifrau von;;;1866;1941
persName;Gertrud Gräfin von Werthern-Beichlingen;132484803;http://d-nb.info/gnd/132484803;;Werthern-Beichlingen, Gertrud Gräfin von;http://lobid.org/gnd/search?q=Gertrud+Gräfin+von+Werthern-Beichlingen;;1841;1919
persName;Wilhelm, Prinz von Baden;117617628;http://d-nb.info/gnd/117617628;;Wilhelm Prinz von Baden;http://lobid.org/gnd/search?q=Wilhelm,+Prinz+von+Baden;;1829;1897
persName;Georg Winkler;1175997943;;;Winkler, Georg;;;;
persName;Max Wirth;117412252;http://d-nb.info/gnd/117412252;;Wirth, Max;http://lobid.org/gnd/search?q=Max+Wirth;;1822;1900
persName;Albert Freiherr von Wirsing;117411884;;;Wirsing, Albert Freiherr von ;;;1810;1872
persName;Leopold Witte;117420662;;;Witte, Leopold;http://lobid.org/gnd/search?q=Leopold+Witte;;1836;1921
persName;Emma Freifrau von Wöhrmann;;;;Wöhrmann, Emma Freifrau von;;;1839;1881
persName;Anton Graf von Wolkenstein-Trostburg;117616591;;;Wolkenstein-Trostburg, Anton Graf von;;;1823;1913
persName;Wladimir Alexandrowitsch Fürst Tscherkasski;142170860;;;Wladimir Alexandrowitsch Fürst Tscherkasski;http://lobid.org/gnd/search?q=Wladimir+Alexandrowitsch+Fürst+Tscherkasski;;1824;1878
persName;Carl Wuttke;117347477;http://d-nb.info/gnd/117347477;;Wuttke, Carl;http://lobid.org/gnd/search?q=Carl+Wuttke;;1849;1927
persName;Filippo Zamboni;116950455;http://d-nb.info/gnd/116950455;;Zamboni, Filippo;http://lobid.org/gnd/search?q=Filippo+Zamboni;;1826;1910
persName;Margarete Zander;;;;Zander, Margarete;http://lobid.org/gnd/search?q=Margarete+Zander;;;1937
persName;Ferdinando Zanchi;;;;Zanchi, Ferdinando;;;;
persName;Friedrich Zarncke;11913702X;http://d-nb.info/gnd/11913702X;;Zarncke, Friedrich;http://lobid.org/gnd/search?q=Friedrich+Zarncke;;1825;1891
persName;Hans von Zwiedineck-Südenhorst;116002409;;;Zwiedineck-Südenhorst, Hans von;http://lobid.org/gnd/search?q=Hans+von+Zwiedineck-Südenhorst;;1845;1906
persName;Antonio Mazzoni;;;;Mazzoni, Antonio;http://lobid.org/gnd/search?q=Antonio+Mazzoni;;;
persName;Amalie Freifrau von Eichel;;;;Eichel, Freifrau Amalie von;http://lobid.org/gnd/search?q=Amalie+Freifrau+von+Eichel;;1800;1874
persName;Cesare Mariani;122881249;;;Mariani, Cesare ;http://lobid.org/gnd/search?q=Cesare+Mariani;;1826;1901
persName;Amélie Freifrau Cotta von Cottendorf;1285505972;;geb. de la Harpe;Cotta von Cottendorf, Amélie Freifrau;http://lobid.org/gnd/search?q=Amélie+Freifrau+Cotta+von+Cottendorf;;1835;1915
persName;Feodora Fürstin zu Hohenlohe-Langenburg ;1015597114;;;Hohenlohe-Langenburg, Feodora Fürstin zu;http://lobid.org/gnd/search?q=Feodora+Fürstin+zu+Hohenlohe-Langenburg+;;1807;1872
persName;Victor Graf von Waldenburg;;;;Waldenburg, Victor Graf von;http://lobid.org/gnd/search?q=Victor+Graf+von+Waldenburg;;1842;1885
persName;Ernst Wichert (?);11733555X;;;Wichert, Ernst (?);;;1831;1902
persName;Guglielmo De Sanctis;1020475439;;;De Sanctis, Guglielmo;;;1829;1911
persName;Erminia De Sanctis;;;;De Sanctis, Erminia;;;1840;1919
persName;Giuseppe Campori;116436875;;;Campori, Giuseppe;;;1821;1887
persName;Carlo Malagola;116692065;;;Malagola, Carlo;;;1855;1910
orgName;Versammlung Deutscher Naturforscher und Ärzte;30220-X;;;Gesellschaft Deutscher Naturforscher und Ärzte;;;;
persName;Conte Alessandro Zeno;;;;Zeno, Alessandro, Conte;;;;
persName;Karl von Zittel;118808508;;;Zittel, Karl von;;;1839;1904
orgName;Deutsches Archäologisches Institut in Rom;;;;Deutsches Archäologisches Institut in Rom;;;;
orgName;Bürger der Stadt Genua;;;;Bürger der Stadt Genua;;;;
persName;Unbekannt (1);;;;Unbekannt (1);;;;
persName;Unbekannt (2);;;;Unbekannt (2);;;;
persName;Unbekannt (3);;;;Unbekannt (3);;;;
persName;Unbekannt (4);;;;Unbekannt (4);;;;
persName;Unbekannt (5);;;;Unbekannt (5);;;;
persName;Unbekannt (Fräulein);;;;Unbekannt (Fräulein);;;;
persName;Unbekannt (Fräulein, Malerin);;;;Unbekannt (Fräulein, Malerin);;;;
persName;Unbekannt (Fräulein, Übersetzerin);;;;Unbekannt (Fräulein, Übersetzerin);;;;
persName;Unbekannt (Frau aus Neidenburg);;;;Unbekannt (Frau aus Neidenburg);;;;
persName;Unbekannt (Frau Doctor: Elisabeth Seeburg?);;;;Unbekannt (Frau Doctor: Elisabeth Seeburg?);;;;
persName;Unbekannt (Frau 1);;;;Unbekannt (Frau 1);;;;
persName;Unbekannt (Frau 2);;;;Unbekannt (Frau 2);;;;
persName;Unbekannt (Frau 3);;;;Unbekannt (Frau 3);;;;
persName;Unbekannt (Dame);;;;Unbekannt (Dame);;;;
persName;Unbekannt (Contessa);;;;Unbekannt (Contessa);;;;
persName;Unbekannt (Baronin);;;;Unbekannt (Baronin);;;;
persName;Unbekannt (Herr);;;;Unbekannt (Herr);;;;
persName;Unbekannt (Herr, wohnhaft in Neapel);;;;Unbekannt (Herr, wohnhaft in Neapel);;;;
persName;Unbekannt (Freund);;;;Unbekannt (Freund);;;;
persName;Unbekannt (Schriftsteller);;;;Unbekannt (Schriftsteller);;;;
persName;Unbekannt (Bankier?);;;;Unbekannt (Bankier?);;;;
persName;Unbekannt (Reichsrat);;;;Unbekannt (Reichsrat);;;;
persName;Unbekannt (Adolf Friedrich Graf von Schack?);;;;Unbekannt (Adolf Friedrich Graf von Schack?);;;;
persName;Unbekannt (Freund, Rombesucher);;;;Unbekannt (Freund, Rombesucher);;;;
;;;;;;;;;
;;;;;;;;;
;;;;;;;;;
;;;;;;;;;
;;;;;;;;;
;;;;;;;;;
;;;;;;;;;
;;;;;;;;;
;;;;;;;;;
;;;;;;;;;
;;;;;;;;;
;;;;;;;;;
;;;;;;;;;
;;;;;;;;;
;;;;;;;;;
;;;;;;;;;
;;;;;;;;;
;;;;;;;;;
;;;;;;;;;
;;;;;;;;;
;;;;;;;;;
;;;;;;;;;
;;;;;;;;;
;;;;;;;;;
;;;;;;;;;
;;;;;;;;;
;;;;;;;;;
;;;;;;;;;
;;;;;;;;;
;;;;;;;;;
;;;;;;;;;
;;;;;;;;;
;;;;;;;;;
;;;;;;;;;
;;;;;;;;;
;;;;;;;;;
;;;;;;;;;
;;;;;;;;;